{"properties":{"connectionReferences":{},"definition":{"$schema":"https://schema.management.azure.com/providers/Microsoft.Logic/schemas/2016-06-01/workflowdefinition.json#","contentVersion":"1.0.0.0","parameters":{"$authentication":{"defaultValue":{},"type":"SecureObject"}},"triggers":{"manual":{"metadata":{"operationMetadataId":"f9fe1ef3-4338-40e8-a53e-75e706229f7f"},"type":"Request","kind":"PowerAppV2","inputs":{"schema":{"type":"object","properties":{},"required":[]}}}},"actions":{"応答":{"runAfter":{"変数を初期化する":["Succeeded"]},"metadata":{"operationMetadataId":"0e82e8f8-09c0-484f-a174-874ed8657a98"},"type":"Response","kind":"Http","inputs":{"statusCode":200,"body":{"Result":"@{variables('ResultString')}"}}},"変数を初期化する":{"runAfter":{},"metadata":{"operationMetadataId":"5dbca806-676e-4ca1-b794-eb7f48987765"},"type":"InitializeVariable","inputs":{"variables":[{"name":"ResultString","type":"string","value":"Lorem ipsum dolor sit amet, consectetur adipiscing elit. Vestibulum interdum sapien sed elementum convallis. Maecenas eu dolor porta, viverra justo sed, elementum magna. Donec efficitur interdum leo, ac egestas nisl vehicula sit amet. Donec eu ultrices nisl. Proin gravida porttitor erat. Sed eget purus lobortis, tristique odio ut, euismod diam. Nulla volutpat dapibus diam, at placerat velit ornare non. Fusce posuere massa ut tortor fringilla congue. Cras dictum massa vel metus placerat, quis pharetra sapien faucibus. Integer facilisis, ipsum in facilisis faucibus, arcu ex venenatis tellus, quis efficitur ipsum ante vitae arcu. Nunc gravida varius libero et faucibus. Curabitur molestie dolor eu ornare ullamcorper.\n\nMauris pulvinar imperdiet tellus id rhoncus. Nunc ut ligula nibh. Nunc luctus, dui quis laoreet finibus, odio dui maximus urna, eu lacinia lectus neque id felis. Vestibulum eget hendrerit ante. Proin auctor dapibus varius. Curabitur tortor erat, porta vel aliquet ac, dignissim sed nisl. Morbi hendrerit urna sit amet felis sodales pharetra. Quisque rutrum, mi eu tincidunt fermentum, turpis purus rhoncus velit, ac scelerisque ex ipsum vitae est. Curabitur eu posuere ipsum, id varius diam.\n\nIn hac habitasse platea dictumst. Pellentesque cursus varius risus, in congue ligula suscipit sed. Nulla facilisi. Fusce sed egestas lorem. Sed vulputate urna metus, nec ornare felis blandit eget. Nunc massa urna, tincidunt pharetra faucibus vel, luctus non leo. Aliquam purus tortor, venenatis et iaculis sit amet, imperdiet quis ante. Cras tincidunt lorem in nisl bibendum cursus.\n\nVestibulum placerat scelerisque euismod. Phasellus commodo, ipsum tincidunt ullamcorper tempus, sem urna facilisis est, ut euismod mi massa nec turpis. Ut tincidunt scelerisque sem, et egestas nibh pharetra ut. Lorem ipsum dolor sit amet, consectetur adipiscing elit. Vestibulum placerat neque eu urna viverra cursus. Fusce imperdiet semper velit, eu eleifend metus lobortis sit amet. Lorem ipsum dolor sit amet, consectetur adipiscing elit. Aenean vel orci ante. Aenean pulvinar erat lacus, ut venenatis augue egestas tempor.\n\nQuisque tristique euismod odio vel auctor. Pellentesque malesuada massa vel felis bibendum, sed dictum nibh maximus. Fusce condimentum congue risus. Morbi rutrum risus odio, efficitur rhoncus lectus consequat vitae. Etiam imperdiet nunc euismod, viverra enim et, ultricies augue. Donec viverra faucibus egestas. Suspendisse vel magna nec nunc lacinia fringilla ac id quam. Donec ultrices rhoncus lobortis. Morbi sed aliquet nulla. Cras lobortis condimentum lectus, tempor eleifend ipsum feugiat nec. Suspendisse at risus volutpat mauris condimentum placerat. Sed rhoncus tempor orci vel lacinia.\n\nProin sed nibh magna. Fusce in sem sed felis lobortis vehicula maximus a sapien. Curabitur et hendrerit erat, sit amet lacinia lacus. Pellentesque dapibus enim vel malesuada convallis. Nullam molestie dapibus lectus, ac sodales purus fermentum et. Nunc elementum malesuada sapien, non feugiat lectus congue eu. Donec maximus enim turpis. Suspendisse vitae purus lobortis, vehicula libero in, molestie nisl. Donec commodo ac elit ut convallis. Interdum et malesuada fames ac ante ipsum primis in faucibus. Aenean ut sagittis orci. Curabitur dictum urna vel arcu interdum, eget consequat dolor tempus. In ac bibendum diam.\n\nSed lacus leo, finibus a felis et, lobortis interdum augue. Nullam pulvinar urna in mi tristique, vitae consequat ligula volutpat. Maecenas sed hendrerit lacus, nec efficitur justo. Nam arcu odio, mattis sed odio vel, rutrum mattis ligula. Fusce nec purus libero. Etiam pretium vestibulum suscipit. Suspendisse potenti. Sed ut dolor eget felis iaculis condimentum. Sed condimentum lectus diam, eget facilisis felis dapibus eget. Mauris et aliquam est. Cras pretium ipsum sapien, sed tempus nisl fermentum id. Sed pretium id lacus in convallis.\n\nCras semper ex nulla, quis efficitur velit ultrices eget. Donec ut felis est. Vivamus turpis velit, fermentum vel blandit id, commodo nec mauris. Donec semper justo lectus, condimentum iaculis risus maximus quis. Donec rhoncus mauris sed mi venenatis congue. Quisque auctor interdum turpis nec tempus. Cras eu arcu ut urna pulvinar porta. Mauris magna magna, rutrum nec dui ut, bibendum bibendum turpis. Mauris interdum metus in dui efficitur, interdum dictum massa imperdiet. Donec sollicitudin tortor a sollicitudin pulvinar. Vivamus in pharetra massa. Nullam blandit est non euismod sagittis. Duis pulvinar viverra eros, sed efficitur metus efficitur nec. Nunc neque elit, malesuada non risus eu, dignissim dapibus enim. Aliquam at est ac arcu lacinia lobortis.\n\nVivamus non aliquam nunc. Aenean id fermentum massa, ac condimentum quam. Vestibulum vel rhoncus libero. Ut elit massa, molestie eget ultrices vel, cursus a orci. Pellentesque dui turpis, pretium vel felis consectetur, elementum porta magna. Suspendisse eu purus nec metus mattis rutrum. Cras sed quam velit. In venenatis quis massa id consectetur. Cras consequat nulla sed aliquet scelerisque. Suspendisse potenti. Mauris suscipit lorem vitae enim blandit pulvinar. Nunc tincidunt nulla vitae laoreet pretium. Nulla sit amet leo hendrerit, condimentum ante eget, laoreet dui. Nulla facilisi.\n\nDonec consequat ornare est, eu tincidunt felis ullamcorper vel. Aenean eros mi, pulvinar ut pretium ac, volutpat ac diam. Fusce malesuada tincidunt magna eget fringilla. Quisque non justo molestie, maximus sapien quis, lobortis tellus. Donec tristique, turpis at fermentum dictum, lacus felis tincidunt sem, at molestie dui lectus eget sapien. In eget velit leo. Class aptent taciti sociosqu ad litora torquent per conubia nostra, per inceptos himenaeos. Donec ac lorem id ante lacinia fermentum. Nullam ac sem efficitur, euismod quam ut, pharetra ligula. Cras pharetra feugiat dui, id maximus leo. Maecenas vel massa sed justo consequat blandit. Aliquam eros nisi, venenatis non dictum sit amet, lacinia ac nunc. Sed interdum, augue sit amet porta faucibus, enim orci molestie ipsum, ac ornare velit nisl nec ex. Vivamus elementum aliquet nunc, at varius ipsum pulvinar quis. Donec porttitor sem ac tristique rutrum.\n\nMauris luctus cursus metus, id aliquam dui condimentum ac. Quisque feugiat dapibus mollis. Nullam lobortis tellus a diam tincidunt feugiat. Nunc gravida nisi eu mattis sodales. Lorem ipsum dolor sit amet, consectetur adipiscing elit. Donec eget magna consequat, aliquet ligula a, efficitur est. Nullam mollis auctor metus tristique maximus. Duis lacinia lacus et urna placerat vulputate at vel mauris. Duis justo eros, suscipit quis molestie a, lacinia sed metus. Phasellus iaculis dolor eu dui facilisis, quis tristique dolor rhoncus. Praesent id nulla ac justo dignissim posuere ac porttitor felis.\n\nCras sodales rutrum nisi id sagittis. In non efficitur quam. Suspendisse finibus, odio vel accumsan sollicitudin, turpis arcu tincidunt velit, eget facilisis nibh nulla id dui. Phasellus efficitur sem arcu, vel consectetur justo porta at. Etiam eros nisl, finibus elementum metus at, tempor feugiat sem. Nulla ut augue non tortor volutpat fermentum. Quisque dignissim nisl sed aliquam commodo. Proin non quam ante. Nunc at arcu sed risus placerat sodales eget sit amet ligula. Aliquam erat volutpat. Interdum et malesuada fames ac ante ipsum primis in faucibus. Quisque finibus ipsum vitae semper lobortis. Proin lectus sapien, aliquam ut pellentesque ac, porta id metus.\n\nIn at purus scelerisque, consequat lectus id, sollicitudin felis. Sed eget dignissim sem. Proin ut cursus justo. Quisque maximus molestie dictum. Etiam malesuada sodales scelerisque. Integer consectetur mauris at velit aliquam suscipit. Nulla pulvinar eleifend tincidunt. Sed fermentum tempus venenatis. Donec porttitor leo quis eros consequat, sit amet auctor nisi suscipit. Lorem ipsum dolor sit amet, consectetur adipiscing elit. Nulla facilisi. Donec sed ante sem. Sed quis vehicula justo. Fusce euismod sodales massa, a sagittis turpis blandit et. Mauris nulla elit, condimentum sit amet dignissim a, varius id massa.\n\nCurabitur accumsan, ante eget finibus imperdiet, turpis est sodales eros, in pretium sem libero ut enim. Aenean sit amet lacus efficitur, finibus diam at, tincidunt arcu. Maecenas nec ultricies est. Morbi vitae libero ante. Donec posuere iaculis interdum. Ut vel nisi aliquam, pellentesque lorem eget, dapibus eros. In vitae egestas mi.\n\nCras ac augue a tortor pharetra iaculis vitae vel leo. Nulla aliquam velit convallis sollicitudin efficitur. Pellentesque ut dapibus velit. Ut vel nulla ac felis laoreet commodo eu vitae dui. Vestibulum condimentum scelerisque orci, eu sodales eros condimentum porttitor. Donec maximus turpis id lorem volutpat, at volutpat urna viverra. Suspendisse potenti. Cras quis purus vitae dui volutpat tempus at sed mauris. Sed congue ultricies ex, a scelerisque turpis consectetur dapibus. Etiam auctor tempor ex, a cursus odio sodales vel. Etiam blandit, sapien et dapibus pulvinar, velit ipsum volutpat orci, a sodales diam tellus eu mauris. In ullamcorper vestibulum ante sit amet congue. Curabitur mattis, dui id tempus tempor, erat est venenatis nibh, et posuere mauris lectus eget augue. Quisque ac dolor nec sem lacinia semper sed ac nulla.\n\nQuisque tristique ante vitae nisl venenatis luctus. Nullam ut massa justo. Ut sit amet nisi quis sapien egestas rutrum. Praesent tempus dolor ex, ut tristique lorem interdum nec. Duis vel enim lectus. Curabitur nec sollicitudin felis. In dictum sed neque sit amet ultrices. Vivamus volutpat aliquam elit, sit amet bibendum nisl vulputate sit amet.\n\nInteger efficitur nulla ac nunc mollis posuere. Etiam at lorem non sapien pretium mollis. Sed gravida a lacus vitae mollis. Donec pellentesque ipsum ut ullamcorper fermentum. Quisque tincidunt pharetra consectetur. Aliquam odio orci, dictum eget nisl eu, ullamcorper tempor mi. In rhoncus diam sit amet sapien rutrum, ut convallis mauris tristique. Aenean venenatis vestibulum faucibus. Nullam felis dolor, mattis et semper vel, consectetur vitae tellus.\n\nNunc sagittis nibh dolor. Nam erat metus, tincidunt viverra cursus eu, porta quis nibh. Vivamus porttitor, leo ut viverra mollis, leo lacus accumsan magna, ut luctus ipsum elit nec turpis. Etiam nec sollicitudin odio, in ultrices justo. Phasellus consectetur vulputate lacus. Morbi tristique tristique nibh, ut placerat eros condimentum eu. Pellentesque habitant morbi tristique senectus et netus et malesuada fames ac turpis egestas. In at cursus purus. Duis diam ex, fringilla ac aliquet ac, porta sed dui. Donec urna dui, porta eget mattis eu, ornare a massa. Mauris pulvinar vulputate lectus, sed maximus magna porttitor a. Sed quis fermentum elit. Nulla non tempor nulla. Ut in ligula placerat eros tempor viverra. Phasellus nec augue sit amet libero consectetur feugiat. Vestibulum scelerisque eget orci quis tempor.\n\nDonec varius odio non elit egestas, eu iaculis nisi congue. Integer non risus eu tortor dictum imperdiet. Class aptent taciti sociosqu ad litora torquent per conubia nostra, per inceptos himenaeos. Duis eget lorem vel velit dictum feugiat. Curabitur eget augue in erat congue convallis. Aenean feugiat, erat ut euismod scelerisque, elit velit aliquam ante, eget eleifend mi tellus id nunc. Vivamus ac mi ac neque malesuada venenatis. Proin lorem ante, ultricies a varius in, ultricies ut metus. Proin et elit a felis molestie dictum placerat a elit.\n\nPhasellus venenatis quam efficitur tortor ornare suscipit. Nam laoreet magna ac nibh sodales facilisis. Nunc vitae ante tempor dui viverra aliquet et et elit. Nulla facilisi. Donec imperdiet nibh vitae feugiat commodo. Nam luctus volutpat elementum. Sed vestibulum diam velit, at interdum elit lobortis eu. Nullam sollicitudin dui ante, non egestas ante vulputate eu. Quisque eget dapibus ligula.\n\nPraesent pulvinar interdum ullamcorper. Duis ultrices at nisi sit amet faucibus. Morbi quis dolor sem. Donec eget scelerisque ligula, eu aliquet elit. Fusce in ultricies erat. Nunc interdum tempor turpis eget ultricies. Quisque eleifend interdum commodo.\n\nSed ac mi nisi. Praesent sed velit nisl. Curabitur auctor mi nec lectus interdum, non commodo turpis egestas. Nulla eu commodo ante. Vestibulum hendrerit vulputate dui vitae suscipit. Vestibulum viverra lobortis augue, a malesuada orci convallis et. Ut nulla lacus, maximus et vulputate ut, commodo quis magna. Etiam mollis felis a dolor eleifend tristique. Phasellus tempor metus id magna suscipit fringilla. Sed vel ex tincidunt velit efficitur iaculis sed vel mauris.\n\nSuspendisse eleifend libero dui, rutrum congue lorem scelerisque id. Aliquam fermentum nunc libero, id efficitur ante tincidunt et. Integer vehicula lorem gravida tincidunt scelerisque. Praesent sed varius risus, vel mattis ipsum. Ut pulvinar, mauris et tristique vestibulum, urna odio imperdiet neque, quis facilisis tortor felis ut nisi. Suspendisse potenti. Nullam ac dolor accumsan, elementum nisl ultrices, tempus dolor. Pellentesque ultrices nisi ex, aliquet pellentesque lacus egestas at. Quisque facilisis sit amet augue et tincidunt. Maecenas et magna accumsan, vulputate quam in, tempus nisi. In hac habitasse platea dictumst. Duis consectetur blandit pellentesque. Nunc ut euismod felis. Donec tempus pretium pulvinar. Donec porttitor dolor purus, vitae volutpat odio consectetur sed.\n\nVestibulum semper ac leo a pharetra. Aenean at semper ligula. Duis pulvinar non tortor sed luctus. In non tincidunt risus. Pellentesque metus orci, finibus vulputate neque sed, efficitur cursus nulla. Sed sodales dictum fermentum. Nulla ultrices interdum tellus, tristique pulvinar dui faucibus non. Etiam at eros ac ex consectetur tempor. Suspendisse a lectus eget justo tristique rhoncus ac sit amet sem. Sed ut blandit nibh.\n\nAenean cursus sed mauris in molestie. Suspendisse aliquam neque nunc, at porta sapien tempor ac. Cras vel porta nibh, consectetur hendrerit purus. Aliquam justo ex, blandit eu nunc non, finibus rutrum enim. Nunc luctus blandit quam et rhoncus. Mauris euismod felis sit amet tincidunt venenatis. Proin metus leo, maximus ac diam eu, pellentesque elementum nibh. Nullam lorem enim, faucibus feugiat nisl a, ultricies maximus lorem.\n\nIn blandit blandit sollicitudin. Etiam tempus porttitor sem eu viverra. Praesent gravida, nibh non interdum commodo, ex tellus pulvinar mi, nec tristique urna purus aliquam orci. Aliquam ante turpis, iaculis eu turpis eget, vehicula mollis leo. Lorem ipsum dolor sit amet, consectetur adipiscing elit. Nullam vitae odio dui. Nullam suscipit fermentum ultricies. Sed at quam tellus. Praesent nec ipsum arcu. Pellentesque habitant morbi tristique senectus et netus et malesuada fames ac turpis egestas. Nam at interdum ipsum. Nam sit amet mi enim. Integer nulla enim, accumsan eu ultricies vel, pellentesque vitae velit. Nam pulvinar augue eu lobortis gravida. Sed at metus lorem.\n\nUt ultricies dolor ut feugiat consequat. Donec scelerisque ac dolor sed malesuada. Sed vehicula malesuada maximus. Aenean at porttitor eros. Aliquam a enim ac enim malesuada vehicula a at arcu. Nunc facilisis ante nulla, ut vehicula ligula ultrices vitae. Phasellus a odio dictum, convallis nunc at, dictum diam. Sed urna est, ornare in viverra ut, sollicitudin nec metus.\n\nMauris vitae pellentesque tellus. Sed accumsan rhoncus nunc ac lobortis. Nulla convallis hendrerit tempor. Nam lorem ex, vehicula nec libero at, dapibus consequat dui. Integer pellentesque, mauris quis imperdiet venenatis, nisi tellus vulputate metus, sit amet pretium ligula nulla ut purus. Proin dictum massa non quam luctus molestie. In lobortis commodo nunc, in porta magna egestas rutrum. Pellentesque in tellus fringilla, iaculis felis sed, eleifend augue. Aenean non cursus tortor. Nulla eu aliquam eros, consectetur porttitor nibh. Etiam non dolor non nisl pulvinar luctus quis faucibus metus. Ut molestie ex sit amet nibh pulvinar porta.\n\nCurabitur mattis nisl a velit pellentesque, nec aliquam neque varius. Mauris viverra consectetur ultricies. Nunc porta magna quam, ac interdum elit semper eget. Maecenas eget aliquam lorem, at porttitor arcu. Proin a mauris eget orci tincidunt fermentum vel non elit. Aliquam vel orci gravida, bibendum neque ac, pretium arcu. Praesent quis quam facilisis justo egestas volutpat. Suspendisse potenti. Sed placerat placerat porttitor. Vestibulum ultricies rhoncus odio, vitae dignissim odio egestas id. Integer at lobortis leo. Nullam commodo, mi at volutpat sodales, turpis purus sodales turpis, non pellentesque mi nulla eget tortor. Etiam tincidunt fermentum molestie.\n\nVivamus sem magna, iaculis sit amet tempus nec, venenatis at nisl. Suspendisse a turpis vitae sapien faucibus aliquam. Maecenas mollis lacinia urna, quis laoreet metus pharetra nec. Vestibulum efficitur eu ipsum non egestas. Aliquam ultrices enim vel lectus feugiat rutrum. Nullam et tellus sagittis, fringilla nulla at, dapibus purus. Maecenas a risus bibendum, lacinia turpis nec, vehicula diam. Suspendisse vitae arcu auctor, faucibus velit id, imperdiet lacus. Aliquam in dui erat. Quisque vel metus consectetur, faucibus neque ut, euismod purus. Curabitur dictum, est convallis suscipit aliquet, sapien purus aliquet nibh, quis mollis sem leo vitae nibh. Vivamus nec mauris ultricies, mollis ligula quis, euismod orci.\n\nNam elementum urna et urna iaculis, nec faucibus urna commodo. Phasellus sapien tortor, consequat et risus eget, dapibus vestibulum diam. Vestibulum a vehicula purus, at ultrices justo. Morbi gravida tortor mi, ac imperdiet tortor sodales et. Aenean eu dapibus lorem. Donec finibus ex a auctor vestibulum. Cras risus turpis, fermentum a diam lobortis, consectetur luctus mi. Nullam nec enim erat. Ut rhoncus congue ornare. Praesent rhoncus, massa vel sollicitudin vestibulum, dui erat imperdiet turpis, ac elementum lorem mi et diam.\n\nMauris lobortis lectus mauris, et eleifend augue vulputate ut. Pellentesque non congue metus. Maecenas blandit nisl sed nulla laoreet, ac venenatis mauris tempus. Suspendisse potenti. Nullam facilisis diam ac magna consectetur finibus. Quisque vitae turpis velit. Proin sed purus in dolor maximus congue. Fusce quis ante in mauris laoreet condimentum. Phasellus vel mollis quam. Phasellus nec lorem id nibh elementum consectetur. Phasellus vel blandit nisi, vitae pharetra tellus. Maecenas posuere sapien id varius lacinia. Vivamus a mollis nulla.\n\nVestibulum fringilla massa sed nisl rhoncus gravida. Aliquam erat volutpat. Praesent accumsan lorem eleifend, scelerisque augue non, blandit tortor. Morbi tincidunt quam sapien, eu fermentum diam semper vel. Duis a condimentum mauris. Sed sagittis elementum nisl, eu convallis orci tempor nec. Nullam venenatis urna et turpis aliquam, nec varius nulla molestie. Ut ultricies molestie massa, eget vulputate ipsum malesuada eget. Pellentesque aliquam id erat sed consequat. Praesent est odio, posuere sed aliquet vitae, viverra eget leo.\n\nPellentesque laoreet pulvinar consequat. Etiam at tortor eget ex blandit accumsan vitae nec massa. Aliquam at euismod est. Aenean at hendrerit sem. Phasellus ex metus, pretium ac rhoncus vel, malesuada gravida neque. In hac habitasse platea dictumst. Suspendisse maximus ac nulla non pretium. Sed rhoncus, sem eu posuere porttitor, arcu est ornare metus, quis aliquet purus enim vulputate risus. Fusce tincidunt ligula molestie dui viverra, a semper libero ullamcorper. Mauris viverra orci ac dolor commodo, a pharetra velit suscipit. Curabitur ut erat id diam convallis vulputate et condimentum felis. Interdum et malesuada fames ac ante ipsum primis in faucibus. Nunc gravida libero a elit venenatis, in sagittis sapien aliquet. Etiam semper, augue id dapibus iaculis, odio mi interdum neque, iaculis dignissim ex dui non quam. Nulla facilisi.\n\nCurabitur sed molestie quam. Sed dictum posuere velit, tristique ornare nunc lobortis et. Nullam non ipsum quis tellus ornare eleifend sed a risus. Pellentesque eu tortor bibendum, aliquet massa a, sollicitudin nisi. Phasellus nec dui gravida, euismod dui ut, maximus ex. In laoreet purus sit amet mauris posuere euismod. Nunc eu mi hendrerit neque tincidunt facilisis quis id eros. Maecenas sed arcu leo. Proin a nunc massa. Donec hendrerit est eget aliquam hendrerit. Curabitur erat sapien, gravida id magna sed, tincidunt rutrum mauris. Duis et dui nec ex imperdiet fermentum.\n\nPhasellus suscipit sed mauris vel congue. Ut rutrum felis aliquet ante posuere egestas. Fusce auctor mattis nibh id cursus. Nullam varius aliquet arcu, malesuada viverra felis ultricies id. In hac habitasse platea dictumst. Sed ipsum dolor, rutrum vitae pretium in, vehicula non tortor. Praesent sed dictum neque. Nullam aliquet viverra erat, ac hendrerit diam tincidunt a. Curabitur quis odio massa. Donec eu lacus bibendum, accumsan massa eget, imperdiet risus. Cras vel turpis ac dui rutrum consequat. Suspendisse vel augue et mauris tincidunt rhoncus commodo ut leo.\n\nCras at turpis a justo ultrices fringilla. Nam maximus sapien quis bibendum accumsan. Sed gravida ligula nec turpis semper egestas. Curabitur sed rutrum massa, ac ornare nulla. Sed eget sem in dui ullamcorper ultricies. Donec venenatis tempus consequat. Vivamus at libero placerat, lobortis libero ut, porta mi. Aenean facilisis ante mi.\n\nNullam at nulla tincidunt, dignissim lorem vel, varius lorem. Phasellus pulvinar hendrerit ullamcorper. Phasellus vestibulum ligula eu nulla commodo, a varius felis elementum. Proin luctus magna et hendrerit accumsan. Nulla facilisi. Sed sodales condimentum sagittis. Aliquam erat volutpat.\n\nDuis dictum dolor vitae tellus fringilla, quis ultricies diam dapibus. Duis molestie nulla sed leo tristique, non viverra eros laoreet. Maecenas porta neque nec sapien maximus, et suscipit risus lacinia. Pellentesque vel nibh ultricies, tempor velit quis, gravida ante. Mauris vestibulum risus quis urna facilisis, quis sagittis lacus auctor. Mauris bibendum dapibus libero, a maximus lectus molestie quis. Vivamus auctor dolor felis. Fusce velit arcu, sollicitudin id pulvinar at, luctus eget neque. Praesent pellentesque neque tortor, euismod rhoncus dui finibus in.\n\nCras sed eros pellentesque, sagittis ex ut, mattis libero. Nullam egestas mi urna. Nunc blandit lectus ac ante congue maximus. Curabitur volutpat finibus ex tristique mattis. Aenean non ultricies nulla. Integer vitae tellus auctor, dapibus lacus non, ultrices orci. Etiam mollis efficitur nisl. Fusce efficitur enim eget turpis rhoncus posuere.\n\nAenean eu urna velit. Quisque aliquam libero felis, sed blandit urna iaculis ut. Etiam ipsum nulla, egestas eget auctor non, molestie vel orci. Integer ligula elit, rutrum non mi at, elementum suscipit nulla. Duis non ultricies magna. Donec quis nulla ornare, semper elit vitae, dictum risus. Ut luctus elementum maximus. Cras dignissim odio at massa interdum lacinia. Quisque rhoncus turpis quis ornare commodo.\n\nMaecenas vitae augue id ex sagittis vulputate. Suspendisse potenti. Maecenas eget fringilla ante, pretium cursus eros. Proin aliquam enim vel tincidunt sollicitudin. In dignissim metus quis sollicitudin eleifend. Nulla viverra arcu non magna pretium, nec facilisis magna sollicitudin. Donec non placerat mi. Quisque vel orci orci. Ut vehicula eros dapibus libero euismod, ut rutrum augue lacinia. Donec tempus justo leo, ut maximus nunc dictum non. In commodo nunc risus, et posuere nunc tincidunt sit amet. In eu libero sed neque tristique rutrum quis nec felis. Nunc egestas vulputate orci, ac rhoncus ipsum tristique vitae.\n\nDuis non sem id tortor pulvinar dignissim ut at justo. Vivamus et nisl consequat, ornare sem vitae, porttitor nisi. Cras aliquam est ut tellus posuere semper. Nunc auctor consectetur sapien vitae lacinia. Mauris rutrum ipsum eu est pellentesque iaculis. Fusce mauris neque, tincidunt porta magna ut, viverra elementum tortor. Donec posuere condimentum blandit. Nulla id massa id quam hendrerit sagittis ut nec elit. Maecenas hendrerit mattis felis vitae pretium. Donec viverra aliquet arcu, elementum ornare nulla. Nulla facilisi. Fusce dapibus mauris id justo ultricies semper. In nec fringilla erat. Vestibulum quis metus sed tortor pharetra blandit ut nec ligula.\n\nNulla mattis euismod augue faucibus porttitor. Donec tincidunt odio et est commodo vestibulum. Mauris sed odio eget ante fermentum rutrum id eget ante. Ut pellentesque non sapien nec hendrerit. Nulla lectus tortor, varius et lacus eget, laoreet porta justo. Interdum et malesuada fames ac ante ipsum primis in faucibus. Donec id massa eu risus auctor vulputate. Praesent nunc purus, posuere eget odio et, elementum placerat dui. Cras interdum lorem vel eros ullamcorper, eget ultrices lectus rutrum. Curabitur faucibus dapibus massa, in maximus nisi sollicitudin sed. Vestibulum at imperdiet mauris. Aenean nisi risus, ornare ac turpis eget, sollicitudin ullamcorper velit.\n\nDonec facilisis, massa non tincidunt convallis, nisi sapien porta turpis, eu mattis risus diam non neque. Vivamus sed aliquam erat, ut convallis ligula. Aenean id sem a justo pulvinar auctor. Mauris cursus augue id pulvinar porttitor. Praesent ultricies magna a ligula semper, id bibendum mauris congue. Nulla tempor facilisis nunc. Maecenas venenatis pretium nisl, at consequat ex feugiat non. Duis et enim venenatis, pellentesque ipsum nec, cursus turpis. Proin tempor eu erat ac fringilla. Donec libero nisi, iaculis vitae felis id, volutpat maximus quam. Nulla eu tristique lectus. Vestibulum magna felis, sollicitudin tincidunt vestibulum sed, porttitor at odio. Sed leo dui, dapibus non tellus id, condimentum porta neque. Vivamus posuere eu velit mattis gravida. Mauris rhoncus cursus quam ac sodales.\n\nQuisque quis egestas ante. Nam et ex id eros scelerisque sollicitudin id sed ex. Sed nec ultrices orci, in vestibulum nulla. Aliquam condimentum tristique diam, sed malesuada nunc egestas a. In euismod vestibulum ultrices. Cras nulla quam, ornare id convallis in, dignissim et quam. Mauris pretium sed sapien in dapibus. Cras gravida, eros eget pellentesque commodo, lectus massa maximus risus, sed consectetur arcu leo eu quam. Morbi ipsum magna, bibendum eu aliquam ac, fringilla quis nulla. In hac habitasse platea dictumst. Maecenas id suscipit ante.\n\nInterdum et malesuada fames ac ante ipsum primis in faucibus. Praesent sagittis tellus non odio porttitor feugiat. Interdum et malesuada fames ac ante ipsum primis in faucibus. Duis quis nisi ante. Vivamus egestas aliquet diam, in cursus ligula aliquam et. Duis at mauris a leo fermentum faucibus. Maecenas quis pharetra ex. Nullam sollicitudin pretium tristique. Ut ac semper justo. Vivamus varius dapibus nunc sed sagittis. Pellentesque venenatis feugiat condimentum. Vestibulum nulla enim, bibendum sed mauris vitae, rutrum sodales ipsum. Nulla quis laoreet nisi, eu scelerisque augue. Aliquam quis nibh vitae sem porttitor bibendum. Sed nec sapien vel sem aliquet pretium. Fusce vitae scelerisque libero.\n\nDuis non orci nec metus hendrerit bibendum. Proin sollicitudin nibh semper felis commodo condimentum. Sed mollis diam id elit fringilla congue eu sit amet quam. Duis feugiat dictum dolor. Praesent lacus sapien, accumsan eget imperdiet sit amet, facilisis quis nunc. Praesent condimentum enim vitae iaculis blandit. Nullam bibendum tristique ligula, vitae sagittis mi convallis quis. Suspendisse ut dignissim libero. Curabitur a dapibus mi. Vestibulum pellentesque lacus hendrerit elementum pellentesque. Vestibulum pharetra nunc vitae neque viverra dapibus.\n\nSuspendisse condimentum dapibus mi id tincidunt. Suspendisse aliquam bibendum velit, sed sollicitudin sem. Donec malesuada gravida odio non lobortis. Proin sit amet tellus et eros elementum laoreet. Vestibulum ante ipsum primis in faucibus orci luctus et ultrices posuere cubilia curae; Curabitur in diam nec eros hendrerit ultrices. Nam eros mi, pellentesque ac leo vitae, accumsan dapibus tortor. Curabitur turpis purus, sollicitudin quis maximus id, efficitur sed turpis. Aenean feugiat mattis lorem.\n\nMorbi a finibus nisl, ac dictum dui. Phasellus sed quam sollicitudin, feugiat felis ut, pulvinar libero. Integer facilisis quis libero ullamcorper suscipit. In elementum mauris ac eros ornare blandit. Maecenas et feugiat diam. Fusce tempus sit amet sem ut vehicula. Cras volutpat ex ac sem imperdiet tincidunt. Vestibulum finibus quam id egestas pellentesque. Integer mattis lectus sem, eu sodales risus finibus vitae. Mauris quis lacinia neque. Donec ornare ipsum quis metus sodales dictum. Integer sit amet placerat felis, nec tempor justo. Ut rhoncus urna non turpis accumsan, nec feugiat leo fermentum. Nullam id tortor non lacus accumsan viverra. Fusce tempor iaculis mollis."}]}}}}},"schemaVersion":"1.0.0.0"}