{"properties":{"connectionReferences":{"shared_onedriveforbusiness":{"runtimeSource":"invoker","connection":{},"api":{"name":"shared_onedriveforbusiness"}}},"definition":{"$schema":"https://schema.management.azure.com/providers/Microsoft.Logic/schemas/2016-06-01/workflowdefinition.json#","contentVersion":"1.0.0.0","parameters":{"$connections":{"defaultValue":{},"type":"Object"},"$authentication":{"defaultValue":{},"type":"SecureObject"}},"triggers":{"manual":{"metadata":{"operationMetadataId":"f6d4ac09-e98f-4784-ad84-ee439161f288"},"type":"Request","kind":"PowerAppV2","inputs":{"schema":{"type":"object","properties":{},"required":[]}}}},"actions":{"PowerApp_または_Flow_に応答する":{"runAfter":{"変数を初期化する":["Succeeded"]},"metadata":{"operationMetadataId":"68a95d02-b123-4976-9820-1b5cf20f7750"},"type":"Response","kind":"PowerApp","inputs":{"statusCode":200,"body":{"result":"@variables('ResultString')"},"schema":{"type":"object","properties":{"result":{"title":"Result","x-ms-dynamically-added":true,"type":"string"}}}}},"変数を初期化する":{"runAfter":{"ファイル_コンテンツの取得":["Succeeded"]},"metadata":{"operationMetadataId":"59a5ef20-6eaa-410e-bcda-03cce5e466b2"},"type":"InitializeVariable","inputs":{"variables":[{"name":"ResultString","type":"string","value":"@{body('ファイル_コンテンツの取得')}"}]},"description":"Generated 150 paragraphs, 13354 words, 90320 bytes of Lorem Ipsum"},"ファイル_コンテンツの取得":{"runAfter":{},"metadata":{"b!vLYjHDZzlEiDLqi7kgwoACAmsWP-Ah1GvOqItSX0VuEhj1ang-lGTIECMr5CeKm8.01TXO5JQSSO3VOFXA5MBBILTGZSNW4OFBO":"/lipsum/lipsum.txt","operationMetadataId":"d3bd3b34-a97e-4f1b-b403-c57fddccc623"},"type":"OpenApiConnection","inputs":{"host":{"apiId":"/providers/Microsoft.PowerApps/apis/shared_onedriveforbusiness","connectionName":"shared_onedriveforbusiness","operationId":"GetFileContent"},"parameters":{"id":"b!vLYjHDZzlEiDLqi7kgwoACAmsWP-Ah1GvOqItSX0VuEhj1ang-lGTIECMr5CeKm8.01TXO5JQSSO3VOFXA5MBBILTGZSNW4OFBO","inferContentType":true},"authentication":{"value":"@json(decodeBase64(triggerOutputs().headers['X-MS-APIM-Tokens']))['$ConnectionKey']","type":"Raw"}}}}}},"schemaVersion":"1.0.0.0"}