<ImportExportXml xmlns:xsi="http://www.w3.org/2001/XMLSchema-instance">
  <Entities></Entities>
  <Roles></Roles>
  <Workflows>
    <Workflow WorkflowId="{af08f833-9e82-ec11-8d21-000d3acf5511}" Name="ArrayTestFlow">
      <JsonFileName>/Workflows/ArrayTestFlow-AF08F833-9E82-EC11-8D21-000D3ACF5511.json</JsonFileName>
      <Type>1</Type>
      <Subprocess>0</Subprocess>
      <Category>5</Category>
      <Mode>0</Mode>
      <Scope>4</Scope>
      <OnDemand>0</OnDemand>
      <TriggerOnCreate>0</TriggerOnCreate>
      <TriggerOnDelete>0</TriggerOnDelete>
      <AsyncAutodelete>0</AsyncAutodelete>
      <SyncWorkflowLogOnFailure>0</SyncWorkflowLogOnFailure>
      <StateCode>1</StateCode>
      <StatusCode>2</StatusCode>
      <RunAs>1</RunAs>
      <IsTransacted>1</IsTransacted>
      <IntroducedVersion>1.0.0.0</IntroducedVersion>
      <IsCustomizable>1</IsCustomizable>
      <BusinessProcessType>0</BusinessProcessType>
      <IsCustomProcessingStepAllowedForOtherPublishers>1</IsCustomProcessingStepAllowedForOtherPublishers>
      <PrimaryEntity>none</PrimaryEntity>
      <LocalizedNames>
        <LocalizedName languagecode="1041" description="ArrayTestFlow" />
      </LocalizedNames>
    </Workflow>
    <Workflow WorkflowId="{b008f833-9e82-ec11-8d21-000d3acf5511}" Name="ArrayTestFlow2">
      <JsonFileName>/Workflows/ArrayTestFlow2-B008F833-9E82-EC11-8D21-000D3ACF5511.json</JsonFileName>
      <Type>1</Type>
      <Subprocess>0</Subprocess>
      <Category>5</Category>
      <Mode>0</Mode>
      <Scope>4</Scope>
      <OnDemand>0</OnDemand>
      <TriggerOnCreate>0</TriggerOnCreate>
      <TriggerOnDelete>0</TriggerOnDelete>
      <AsyncAutodelete>0</AsyncAutodelete>
      <SyncWorkflowLogOnFailure>0</SyncWorkflowLogOnFailure>
      <StateCode>1</StateCode>
      <StatusCode>2</StatusCode>
      <RunAs>1</RunAs>
      <IsTransacted>1</IsTransacted>
      <IntroducedVersion>1.0.0.0</IntroducedVersion>
      <IsCustomizable>1</IsCustomizable>
      <BusinessProcessType>0</BusinessProcessType>
      <IsCustomProcessingStepAllowedForOtherPublishers>1</IsCustomProcessingStepAllowedForOtherPublishers>
      <PrimaryEntity>none</PrimaryEntity>
      <LocalizedNames>
        <LocalizedName languagecode="1041" description="ArrayTestFlow2" />
      </LocalizedNames>
    </Workflow>
  </Workflows>
  <FieldSecurityProfiles></FieldSecurityProfiles>
  <Templates />
  <EntityMaps />
  <EntityRelationships />
  <OrganizationSettings />
  <optionsets />
  <CustomControls />
  <EntityDataProviders />
  <CanvasApps>
    <CanvasApp>
      <Name>ya_arraytestapp_b8f5d</Name>
      <AppVersion>2022-02-01T03:26:57Z</AppVersion>
      <Status>Ready</Status>
      <CreatedByClientVersion>3.22013.7.0</CreatedByClientVersion>
      <MinClientVersion>3.22013.7.0</MinClientVersion>
      <Tags>{"primaryDeviceWidth":"1366","primaryDeviceHeight":"768","sienaVersion":"e8c544f4-d451-4e57-b767-d7021cbf974e","deviceCapabilities":"","supportsPortrait":"true","supportsLandscape":"true","primaryFormFactor":"Tablet","publisherVersion":"3.22013.7","minimumRequiredApiVersion":"2.2.0","hasComponent":"false","hasUnlockedComponent":"false","isUnifiedRootApp":"false"}</Tags>
      <IsCdsUpgraded>0</IsCdsUpgraded>
      <GalleryItemId xsi:nil="true"></GalleryItemId>
      <BackgroundColor>RGBA(0,176,240,1)</BackgroundColor>
      <DisplayName>ArrayTestApp</DisplayName>
      <Description xsi:nil="true"></Description>
      <CommitMessage xsi:nil="true"></CommitMessage>
      <Publisher xsi:nil="true"></Publisher>
      <AuthorizationReferences>[]</AuthorizationReferences>
      <ConnectionReferences>{"b05b4206-5d16-401f-8acc-b28d955d51b3":{"id":"/providers/microsoft.powerapps/apis/shared_logicflows","displayName":"ロジック フロー","iconUri":"https://connectoricons-prod.azureedge.net/releases/v1.0.1534/1.0.1534.2605/logicflows/icon.png","dataSources":["ArrayTestFlow"],"dependencies":["68d7d128-c037-4e5f-97f7-84cf04fee0e5"],"dependents":[],"parameterHints":{"workflowName":{"value":"e20b2ce2-a215-44ce-97e4-53eb3adde049"},"workflowEntityId":{"value":"af08f833-9e82-ec11-8d21-000d3acf5511"},"68d7d128-c037-4e5f-97f7-84cf04fee0e5":{"value":"shared_onedriveforbusiness_2"}},"parameterHintsV2":{"workflowName":{"value":"e20b2ce2-a215-44ce-97e4-53eb3adde049"},"workflowEntityId":{"value":"af08f833-9e82-ec11-8d21-000d3acf5511"},"shared_onedriveforbusiness_2":{"value":"68d7d128-c037-4e5f-97f7-84cf04fee0e5"}},"isOnPremiseConnection":false,"bypassConsent":false,"dataSets":{},"apiTier":"Standard","actions":["Run"]},"68d7d128-c037-4e5f-97f7-84cf04fee0e5":{"id":"/providers/microsoft.powerapps/apis/shared_onedriveforbusiness","displayName":"OneDrive for Business","iconUri":"https://connectoricons-prod.azureedge.net/releases/v1.0.1546/1.0.1546.2665/onedriveforbusiness/icon.png","dataSources":[],"dependencies":[],"dependents":["b05b4206-5d16-401f-8acc-b28d955d51b3"],"parameterHints":{},"parameterHintsV2":{},"isOnPremiseConnection":false,"bypassConsent":false,"dataSets":{},"apiTier":"Standard"},"3e994050-db57-450a-ac8f-86bbe33858c9":{"id":"/providers/microsoft.powerapps/apis/shared_logicflows","displayName":"ロジック フロー","iconUri":"https://connectoricons-prod.azureedge.net/releases/v1.0.1534/1.0.1534.2605/logicflows/icon.png","dataSources":["ArrayTestFlow2"],"dependencies":[],"dependents":[],"parameterHints":{"workflowName":{"value":"5c5ee00e-ac39-4062-aece-2d126c7715b7"},"workflowEntityId":{"value":"b008f833-9e82-ec11-8d21-000d3acf5511"}},"parameterHintsV2":{"workflowName":{"value":"5c5ee00e-ac39-4062-aece-2d126c7715b7"},"workflowEntityId":{"value":"b008f833-9e82-ec11-8d21-000d3acf5511"}},"isOnPremiseConnection":false,"bypassConsent":false,"dataSets":{},"apiTier":"Standard","actions":["Run"]}}</ConnectionReferences>
      <DatabaseReferences>{}</DatabaseReferences>
      <AppComponents>[]</AppComponents>
      <AppComponentDependencies>[]</AppComponentDependencies>
      <CanConsumeAppPass>1</CanConsumeAppPass>
      <CanvasAppType>0</CanvasAppType>
      <BypassConsent>0</BypassConsent>
      <AdminControlBypassConsent>0</AdminControlBypassConsent>
      <EmbeddedApp xsi:nil="true"></EmbeddedApp>
      <IntroducedVersion>1.0</IntroducedVersion>
      <CdsDependencies>{"cdsdependencies":[]}</CdsDependencies>
      <IsCustomizable>1</IsCustomizable>
      <BackgroundImageUri>/CanvasApps/ya_arraytestapp_b8f5d_BackgroundImageUri</BackgroundImageUri>
      <DocumentUri>/CanvasApps/ya_arraytestapp_b8f5d_DocumentUri.msapp</DocumentUri>
    </CanvasApp>
  </CanvasApps>
  <Languages>
    <Language>1041</Language>
  </Languages>
</ImportExportXml>